report_id,site,department,report_type,event_timestamp,description,immediate_action,is_synthetic,source_system,source_record_id
DEMO-001,Duliajan · Demo,Maintenance,Near Miss,2026-09-24T16:54:57.912701+00:00,Worker was observed standing beneath a suspended pipe while crane lifting activity was underway. No injury occurred.,Reported to the site HSE team for review.,True,SYNTHETIC_DEMO,DEMO-001
DEMO-002,Duliajan · Demo,Operations,Unsafe Condition,2026-09-19T15:54:57.912701+00:00,A technician was inside the lifting zone beside a crane and suspended load. Exclusion zone barricade was damaged. No injury was recorded.,Reported to the site HSE team for review.,True,SYNTHETIC_DEMO,DEMO-002
DEMO-003,Duliajan · Demo,Operations,Unsafe Act,2026-09-14T14:54:57.912701+00:00,A helper entered crane radius during lifting. A suspended pipe was moving. No injury occurred.,Reported to the site HSE team for review.,True,SYNTHETIC_DEMO,DEMO-003
DEMO-004,Moran · Demo,Maintenance,Incident,2026-09-09T13:54:57.912701+00:00,A person crossed below the load during crane lifting activity. The exclusion zone was missing.,Reported to the site HSE team for review.,True,SYNTHETIC_DEMO,DEMO-004
DEMO-005,Moran · Demo,Operations,Near Miss,2026-08-03T12:54:57.912701+00:00,During operation the pressure safety valve was found gagged/bypassed. No injury or release was reported.,Reported to the site HSE team for review.,True,SYNTHETIC_DEMO,DEMO-005
DEMO-006,Moran · Demo,Operations,Unsafe Condition,2026-07-21T11:54:57.912701+00:00,During process operation the PSV was bypassed on the separator. Personnel were near the vessel.,Reported to the site HSE team for review.,True,SYNTHETIC_DEMO,DEMO-006
DEMO-007,Naharkatiya · Demo,Maintenance,Unsafe Act,2026-07-08T10:54:57.912701+00:00,During operation the pressure relief valve failed on the vessel. No release was recorded.,Reported to the site HSE team for review.,True,SYNTHETIC_DEMO,DEMO-007
DEMO-008,Naharkatiya · Demo,Operations,Incident,2026-06-25T09:54:57.912701+00:00,Maintenance on a pump exposed a rotating shaft. Lockout was absent. No injury occurred.,Reported to the site HSE team for review.,True,SYNTHETIC_DEMO,DEMO-008
DEMO-009,Naharkatiya · Demo,Operations,Near Miss,2026-06-12T16:54:57.912701+00:00,A technician working on an energized motor found the isolation bypassed during maintenance.,Reported to the site HSE team for review.,True,SYNTHETIC_DEMO,DEMO-009
DEMO-010,Digboi · Demo,Maintenance,Unsafe Condition,2026-05-30T15:54:57.912701+00:00,Maintenance on a motor started while LOTO was not verified. No injury was recorded.,Reported to the site HSE team for review.,True,SYNTHETIC_DEMO,DEMO-010
DEMO-011,Digboi · Demo,Operations,Unsafe Act,2026-05-17T14:54:57.912701+00:00,A contractor began excavating beside a marked buried pipeline while the dig permit and underground-line verification were absent. The excavator operator and banksman were beside the potential strike zone. Work was stopped before the bucket reached the line.,Reported to the site HSE team for review.,True,SYNTHETIC_DEMO,DEMO-011
DEMO-012,Digboi · Demo,Operations,Incident,2026-05-04T13:54:57.912701+00:00,Trenching with an excavator was observed close to a buried pipeline. Permit details were not available.,Reported to the site HSE team for review.,True,SYNTHETIC_DEMO,DEMO-012
DEMO-013,Duliajan · Demo,Maintenance,Near Miss,2026-04-21T12:54:57.912701+00:00,Excavation near a pipeline route continued. Underground line verification was unverified.,Reported to the site HSE team for review.,True,SYNTHETIC_DEMO,DEMO-013
DEMO-014,Duliajan · Demo,Operations,Unsafe Condition,2026-04-08T11:54:57.912701+00:00,Worker welding near a tank with flammable vapour reported. Hot work permit was absent.,Reported to the site HSE team for review.,True,SYNTHETIC_DEMO,DEMO-014
DEMO-015,Duliajan · Demo,Operations,Unsafe Act,2026-09-22T10:54:57.912701+00:00,Grinding near a tank with flammable gas was observed. Gas test was not available.,Reported to the site HSE team for review.,True,SYNTHETIC_DEMO,DEMO-015
DEMO-016,Moran · Demo,Maintenance,Incident,2026-09-09T09:54:57.912701+00:00,Worker on scaffold at a height of 8 m was exposed to an open edge. Guardrail was missing.,Reported to the site HSE team for review.,True,SYNTHETIC_DEMO,DEMO-016
DEMO-017,Moran · Demo,Operations,Near Miss,2026-08-27T16:54:57.912701+00:00,Standing on a platform during scaffold work at 5 m. Fall protection was damaged.,Reported to the site HSE team for review.,True,SYNTHETIC_DEMO,DEMO-017
DEMO-018,Moran · Demo,Operations,Unsafe Condition,2026-08-14T15:54:57.912701+00:00,Worker exposed to H2S during gas testing. Gas detector failed.,Reported to the site HSE team for review.,True,SYNTHETIC_DEMO,DEMO-018
DEMO-019,Naharkatiya · Demo,Maintenance,Unsafe Act,2026-08-01T14:54:57.912701+00:00,H2S monitoring reported 12 ppm. Gas detector calibration expired.,Reported to the site HSE team for review.,True,SYNTHETIC_DEMO,DEMO-019
DEMO-020,Naharkatiya · Demo,Operations,Incident,2026-07-19T13:54:57.912701+00:00,Worker entered a tank for confined space work. Entry permit was absent. Oxygen deficiency was reported.,Reported to the site HSE team for review.,True,SYNTHETIC_DEMO,DEMO-020
DEMO-021,Naharkatiya · Demo,Operations,Near Miss,2026-07-06T12:54:57.912701+00:00,"Driving a truck, driver speeding with a pedestrian behind. Pedestrian barrier was missing.",Reported to the site HSE team for review.,True,SYNTHETIC_DEMO,DEMO-021
DEMO-022,Digboi · Demo,Maintenance,Unsafe Condition,2026-06-23T11:54:57.912701+00:00,Well control during drilling recorded a well kick. BOP was bypassed. Crew on rig were present.,Reported to the site HSE team for review.,True,SYNTHETIC_DEMO,DEMO-022
DEMO-023,Digboi · Demo,Operations,Unsafe Act,2026-06-10T10:54:57.912701+00:00,H2S emergency mock drill was conducted successfully. The gas detector was tested and found functional. No actual gas release occurred.,Reported to the site HSE team for review.,True,SYNTHETIC_DEMO,DEMO-023
DEMO-024,Digboi · Demo,Operations,Incident,2026-05-28T09:54:57.912701+00:00,Gas detector installed for H2S monitoring. Detector condition is unknown.,Reported to the site HSE team for review.,True,SYNTHETIC_DEMO,DEMO-024
DEMO-025,Duliajan · Demo,Maintenance,Near Miss,2026-05-15T16:54:57.912701+00:00,Unsafe condition observed near equipment.,Reported to the site HSE team for review.,True,SYNTHETIC_DEMO,DEMO-025
DEMO-026,Duliajan · Demo,Operations,Unsafe Condition,2026-05-02T15:54:57.912701+00:00,Housekeeping observation reported at the workshop. Waste packaging was moved to a bin.,Reported to the site HSE team for review.,True,SYNTHETIC_DEMO,DEMO-026
DEMO-027,Duliajan · Demo,Operations,Unsafe Act,2026-04-19T14:54:57.912701+00:00,Emergency drill simulated a confined space rescue. No actual release occurred. Atmosphere test tested successfully.,Reported to the site HSE team for review.,True,SYNTHETIC_DEMO,DEMO-027
DEMO-028,Moran · Demo,Maintenance,Incident,2026-08-10T13:54:57.912701+00:00,Worker was observed standing beneath a suspended pipe while crane lifting activity was underway. No injury occurred.,Reported to the site HSE team for review.,True,SYNTHETIC_DEMO,DEMO-028
DEMO-029,Moran · Demo,Operations,Near Miss,2026-08-05T12:54:57.912701+00:00,A technician was inside the lifting zone beside a crane and suspended load. Exclusion zone barricade was damaged. No injury was recorded.,Reported to the site HSE team for review.,True,SYNTHETIC_DEMO,DEMO-029
DEMO-030,Moran · Demo,Operations,Unsafe Condition,2026-07-31T11:54:57.912701+00:00,A helper entered crane radius during lifting. A suspended pipe was moving. No injury occurred.,Reported to the site HSE team for review.,True,SYNTHETIC_DEMO,DEMO-030
DEMO-031,Naharkatiya · Demo,Maintenance,Unsafe Act,2026-07-26T10:54:57.912701+00:00,A person crossed below the load during crane lifting activity. The exclusion zone was missing.,Reported to the site HSE team for review.,True,SYNTHETIC_DEMO,DEMO-031
DEMO-032,Naharkatiya · Demo,Operations,Incident,2026-08-12T09:54:57.912701+00:00,During operation the pressure safety valve was found gagged/bypassed. No injury or release was reported.,Reported to the site HSE team for review.,True,SYNTHETIC_DEMO,DEMO-032
DEMO-033,Naharkatiya · Demo,Operations,Near Miss,2026-07-30T16:54:57.912701+00:00,During process operation the PSV was bypassed on the separator. Personnel were near the vessel.,Reported to the site HSE team for review.,True,SYNTHETIC_DEMO,DEMO-033
DEMO-034,Digboi · Demo,Maintenance,Unsafe Condition,2026-07-17T15:54:57.912701+00:00,During operation the pressure relief valve failed on the vessel. No release was recorded.,Reported to the site HSE team for review.,True,SYNTHETIC_DEMO,DEMO-034
DEMO-035,Digboi · Demo,Operations,Unsafe Act,2026-07-04T14:54:57.912701+00:00,Maintenance on a pump exposed a rotating shaft. Lockout was absent. No injury occurred.,Reported to the site HSE team for review.,True,SYNTHETIC_DEMO,DEMO-035
DEMO-036,Digboi · Demo,Operations,Incident,2026-06-21T13:54:57.912701+00:00,A technician working on an energized motor found the isolation bypassed during maintenance.,Reported to the site HSE team for review.,True,SYNTHETIC_DEMO,DEMO-036
DEMO-037,Duliajan · Demo,Maintenance,Near Miss,2026-06-08T12:54:57.912701+00:00,Maintenance on a motor started while LOTO was not verified. No injury was recorded.,Reported to the site HSE team for review.,True,SYNTHETIC_DEMO,DEMO-037
DEMO-038,Duliajan · Demo,Operations,Unsafe Condition,2026-05-26T11:54:57.912701+00:00,A contractor began excavating beside a marked buried pipeline while the dig permit and underground-line verification were absent. The excavator operator and banksman were beside the potential strike zone. Work was stopped before the bucket reached the line.,Reported to the site HSE team for review.,True,SYNTHETIC_DEMO,DEMO-038
DEMO-039,Duliajan · Demo,Operations,Unsafe Act,2026-05-13T10:54:57.912701+00:00,Trenching with an excavator was observed close to a buried pipeline. Permit details were not available.,Reported to the site HSE team for review.,True,SYNTHETIC_DEMO,DEMO-039
DEMO-040,Moran · Demo,Maintenance,Incident,2026-04-30T09:54:57.912701+00:00,Excavation near a pipeline route continued. Underground line verification was unverified.,Reported to the site HSE team for review.,True,SYNTHETIC_DEMO,DEMO-040
DEMO-041,Moran · Demo,Operations,Near Miss,2026-04-17T16:54:57.912701+00:00,Worker welding near a tank with flammable vapour reported. Hot work permit was absent.,Reported to the site HSE team for review.,True,SYNTHETIC_DEMO,DEMO-041
DEMO-042,Moran · Demo,Operations,Unsafe Condition,2026-04-04T15:54:57.912701+00:00,Grinding near a tank with flammable gas was observed. Gas test was not available.,Reported to the site HSE team for review.,True,SYNTHETIC_DEMO,DEMO-042
DEMO-043,Naharkatiya · Demo,Maintenance,Unsafe Act,2026-09-18T14:54:57.912701+00:00,Worker on scaffold at a height of 8 m was exposed to an open edge. Guardrail was missing.,Reported to the site HSE team for review.,True,SYNTHETIC_DEMO,DEMO-043
DEMO-044,Naharkatiya · Demo,Operations,Incident,2026-09-05T13:54:57.912701+00:00,Standing on a platform during scaffold work at 5 m. Fall protection was damaged.,Reported to the site HSE team for review.,True,SYNTHETIC_DEMO,DEMO-044
DEMO-045,Naharkatiya · Demo,Operations,Near Miss,2026-08-23T12:54:57.912701+00:00,Worker exposed to H2S during gas testing. Gas detector failed.,Reported to the site HSE team for review.,True,SYNTHETIC_DEMO,DEMO-045
DEMO-046,Digboi · Demo,Maintenance,Unsafe Condition,2026-08-10T11:54:57.912701+00:00,H2S monitoring reported 12 ppm. Gas detector calibration expired.,Reported to the site HSE team for review.,True,SYNTHETIC_DEMO,DEMO-046
DEMO-047,Digboi · Demo,Operations,Unsafe Act,2026-07-28T10:54:57.912701+00:00,Worker entered a tank for confined space work. Entry permit was absent. Oxygen deficiency was reported.,Reported to the site HSE team for review.,True,SYNTHETIC_DEMO,DEMO-047
DEMO-048,Digboi · Demo,Operations,Incident,2026-07-15T09:54:57.912701+00:00,"Driving a truck, driver speeding with a pedestrian behind. Pedestrian barrier was missing.",Reported to the site HSE team for review.,True,SYNTHETIC_DEMO,DEMO-048
DEMO-049,Duliajan · Demo,Maintenance,Near Miss,2026-07-02T16:54:57.912701+00:00,Well control during drilling recorded a well kick. BOP was bypassed. Crew on rig were present.,Reported to the site HSE team for review.,True,SYNTHETIC_DEMO,DEMO-049
DEMO-050,Duliajan · Demo,Operations,Unsafe Condition,2026-06-19T15:54:57.912701+00:00,H2S emergency mock drill was conducted successfully. The gas detector was tested and found functional. No actual gas release occurred.,Reported to the site HSE team for review.,True,SYNTHETIC_DEMO,DEMO-050
DEMO-051,Duliajan · Demo,Operations,Unsafe Act,2026-06-06T14:54:57.912701+00:00,Gas detector installed for H2S monitoring. Detector condition is unknown.,Reported to the site HSE team for review.,True,SYNTHETIC_DEMO,DEMO-051
DEMO-052,Moran · Demo,Maintenance,Incident,2026-05-24T13:54:57.912701+00:00,Unsafe condition observed near equipment.,Reported to the site HSE team for review.,True,SYNTHETIC_DEMO,DEMO-052
DEMO-053,Moran · Demo,Operations,Near Miss,2026-05-11T12:54:57.912701+00:00,Housekeeping observation reported at the workshop. Waste packaging was moved to a bin.,Reported to the site HSE team for review.,True,SYNTHETIC_DEMO,DEMO-053
DEMO-054,Moran · Demo,Operations,Unsafe Condition,2026-04-28T11:54:57.912701+00:00,Emergency drill simulated a confined space rescue. No actual release occurred. Atmosphere test tested successfully.,Reported to the site HSE team for review.,True,SYNTHETIC_DEMO,DEMO-054
DEMO-055,Naharkatiya · Demo,Maintenance,Unsafe Act,2026-09-24T10:54:57.912701+00:00,Worker was observed standing beneath a suspended pipe while crane lifting activity was underway. No injury occurred.,Reported to the site HSE team for review.,True,SYNTHETIC_DEMO,DEMO-055
DEMO-056,Naharkatiya · Demo,Operations,Incident,2026-09-19T09:54:57.912701+00:00,A technician was inside the lifting zone beside a crane and suspended load. Exclusion zone barricade was damaged. No injury was recorded.,Reported to the site HSE team for review.,True,SYNTHETIC_DEMO,DEMO-056
DEMO-057,Naharkatiya · Demo,Operations,Near Miss,2026-09-14T16:54:57.912701+00:00,A helper entered crane radius during lifting. A suspended pipe was moving. No injury occurred.,Reported to the site HSE team for review.,True,SYNTHETIC_DEMO,DEMO-057
DEMO-058,Digboi · Demo,Maintenance,Unsafe Condition,2026-09-09T15:54:57.912701+00:00,A person crossed below the load during crane lifting activity. The exclusion zone was missing.,Reported to the site HSE team for review.,True,SYNTHETIC_DEMO,DEMO-058
DEMO-059,Digboi · Demo,Operations,Unsafe Act,2026-08-21T14:54:57.912701+00:00,During operation the pressure safety valve was found gagged/bypassed. No injury or release was reported.,Reported to the site HSE team for review.,True,SYNTHETIC_DEMO,DEMO-059
DEMO-060,Digboi · Demo,Operations,Incident,2026-08-08T13:54:57.912701+00:00,During process operation the PSV was bypassed on the separator. Personnel were near the vessel.,Reported to the site HSE team for review.,True,SYNTHETIC_DEMO,DEMO-060
DEMO-061,Duliajan · Demo,Maintenance,Near Miss,2026-07-26T12:54:57.912701+00:00,During operation the pressure relief valve failed on the vessel. No release was recorded.,Reported to the site HSE team for review.,True,SYNTHETIC_DEMO,DEMO-061
DEMO-062,Duliajan · Demo,Operations,Unsafe Condition,2026-07-13T11:54:57.912701+00:00,Maintenance on a pump exposed a rotating shaft. Lockout was absent. No injury occurred.,Reported to the site HSE team for review.,True,SYNTHETIC_DEMO,DEMO-062
DEMO-063,Duliajan · Demo,Operations,Unsafe Act,2026-06-30T10:54:57.912701+00:00,A technician working on an energized motor found the isolation bypassed during maintenance.,Reported to the site HSE team for review.,True,SYNTHETIC_DEMO,DEMO-063
DEMO-064,Moran · Demo,Maintenance,Incident,2026-06-17T09:54:57.912701+00:00,Maintenance on a motor started while LOTO was not verified. No injury was recorded.,Reported to the site HSE team for review.,True,SYNTHETIC_DEMO,DEMO-064
DEMO-065,Moran · Demo,Operations,Near Miss,2026-06-04T16:54:57.912701+00:00,A contractor began excavating beside a marked buried pipeline while the dig permit and underground-line verification were absent. The excavator operator and banksman were beside the potential strike zone. Work was stopped before the bucket reached the line.,Reported to the site HSE team for review.,True,SYNTHETIC_DEMO,DEMO-065
DEMO-066,Moran · Demo,Operations,Unsafe Condition,2026-05-22T15:54:57.912701+00:00,Trenching with an excavator was observed close to a buried pipeline. Permit details were not available.,Reported to the site HSE team for review.,True,SYNTHETIC_DEMO,DEMO-066
DEMO-067,Naharkatiya · Demo,Maintenance,Unsafe Act,2026-05-09T14:54:57.912701+00:00,Excavation near a pipeline route continued. Underground line verification was unverified.,Reported to the site HSE team for review.,True,SYNTHETIC_DEMO,DEMO-067
DEMO-068,Naharkatiya · Demo,Operations,Incident,2026-04-26T13:54:57.912701+00:00,Worker welding near a tank with flammable vapour reported. Hot work permit was absent.,Reported to the site HSE team for review.,True,SYNTHETIC_DEMO,DEMO-068
DEMO-069,Naharkatiya · Demo,Operations,Near Miss,2026-04-13T12:54:57.912701+00:00,Grinding near a tank with flammable gas was observed. Gas test was not available.,Reported to the site HSE team for review.,True,SYNTHETIC_DEMO,DEMO-069
DEMO-070,Digboi · Demo,Maintenance,Unsafe Condition,2026-03-31T11:54:57.912701+00:00,Worker on scaffold at a height of 8 m was exposed to an open edge. Guardrail was missing.,Reported to the site HSE team for review.,True,SYNTHETIC_DEMO,DEMO-070
DEMO-071,Digboi · Demo,Operations,Unsafe Act,2026-09-14T10:54:57.912701+00:00,Standing on a platform during scaffold work at 5 m. Fall protection was damaged.,Reported to the site HSE team for review.,True,SYNTHETIC_DEMO,DEMO-071
DEMO-072,Digboi · Demo,Operations,Incident,2026-09-01T09:54:57.912701+00:00,Worker exposed to H2S during gas testing. Gas detector failed.,Reported to the site HSE team for review.,True,SYNTHETIC_DEMO,DEMO-072
DEMO-073,Duliajan · Demo,Maintenance,Near Miss,2026-08-19T16:54:57.912701+00:00,H2S monitoring reported 12 ppm. Gas detector calibration expired.,Reported to the site HSE team for review.,True,SYNTHETIC_DEMO,DEMO-073
DEMO-074,Duliajan · Demo,Operations,Unsafe Condition,2026-08-06T15:54:57.912701+00:00,Worker entered a tank for confined space work. Entry permit was absent. Oxygen deficiency was reported.,Reported to the site HSE team for review.,True,SYNTHETIC_DEMO,DEMO-074
DEMO-075,Duliajan · Demo,Operations,Unsafe Act,2026-07-24T14:54:57.912701+00:00,"Driving a truck, driver speeding with a pedestrian behind. Pedestrian barrier was missing.",Reported to the site HSE team for review.,True,SYNTHETIC_DEMO,DEMO-075
DEMO-076,Moran · Demo,Maintenance,Incident,2026-07-11T13:54:57.912701+00:00,Well control during drilling recorded a well kick. BOP was bypassed. Crew on rig were present.,Reported to the site HSE team for review.,True,SYNTHETIC_DEMO,DEMO-076
DEMO-077,Moran · Demo,Operations,Near Miss,2026-06-28T12:54:57.912701+00:00,H2S emergency mock drill was conducted successfully. The gas detector was tested and found functional. No actual gas release occurred.,Reported to the site HSE team for review.,True,SYNTHETIC_DEMO,DEMO-077
DEMO-078,Moran · Demo,Operations,Unsafe Condition,2026-06-15T11:54:57.912701+00:00,Gas detector installed for H2S monitoring. Detector condition is unknown.,Reported to the site HSE team for review.,True,SYNTHETIC_DEMO,DEMO-078
DEMO-079,Naharkatiya · Demo,Maintenance,Unsafe Act,2026-06-02T10:54:57.912701+00:00,Unsafe condition observed near equipment.,Reported to the site HSE team for review.,True,SYNTHETIC_DEMO,DEMO-079
DEMO-080,Naharkatiya · Demo,Operations,Incident,2026-05-20T09:54:57.912701+00:00,Housekeeping observation reported at the workshop. Waste packaging was moved to a bin.,Reported to the site HSE team for review.,True,SYNTHETIC_DEMO,DEMO-080
DEMO-081,Naharkatiya · Demo,Operations,Near Miss,2026-05-07T16:54:57.912701+00:00,Emergency drill simulated a confined space rescue. No actual release occurred. Atmosphere test tested successfully.,Reported to the site HSE team for review.,True,SYNTHETIC_DEMO,DEMO-081
DEMO-082,Digboi · Demo,Maintenance,Unsafe Condition,2026-08-10T15:54:57.912701+00:00,Worker was observed standing beneath a suspended pipe while crane lifting activity was underway. No injury occurred.,Reported to the site HSE team for review.,True,SYNTHETIC_DEMO,DEMO-082
DEMO-083,Digboi · Demo,Operations,Unsafe Act,2026-08-05T14:54:57.912701+00:00,A technician was inside the lifting zone beside a crane and suspended load. Exclusion zone barricade was damaged. No injury was recorded.,Reported to the site HSE team for review.,True,SYNTHETIC_DEMO,DEMO-083
DEMO-084,Digboi · Demo,Operations,Incident,2026-07-31T13:54:57.912701+00:00,A helper entered crane radius during lifting. A suspended pipe was moving. No injury occurred.,Reported to the site HSE team for review.,True,SYNTHETIC_DEMO,DEMO-084
DEMO-085,Duliajan · Demo,Maintenance,Near Miss,2026-07-26T12:54:57.912701+00:00,A person crossed below the load during crane lifting activity. The exclusion zone was missing.,Reported to the site HSE team for review.,True,SYNTHETIC_DEMO,DEMO-085
DEMO-086,Duliajan · Demo,Operations,Unsafe Condition,2026-08-30T11:54:57.912701+00:00,During operation the pressure safety valve was found gagged/bypassed. No injury or release was reported.,Reported to the site HSE team for review.,True,SYNTHETIC_DEMO,DEMO-086
DEMO-087,Duliajan · Demo,Operations,Unsafe Act,2026-08-17T10:54:57.912701+00:00,During process operation the PSV was bypassed on the separator. Personnel were near the vessel.,Reported to the site HSE team for review.,True,SYNTHETIC_DEMO,DEMO-087
DEMO-088,Moran · Demo,Maintenance,Incident,2026-08-04T09:54:57.912701+00:00,During operation the pressure relief valve failed on the vessel. No release was recorded.,Reported to the site HSE team for review.,True,SYNTHETIC_DEMO,DEMO-088
DEMO-089,Moran · Demo,Operations,Near Miss,2026-07-22T16:54:57.912701+00:00,Maintenance on a pump exposed a rotating shaft. Lockout was absent. No injury occurred.,Reported to the site HSE team for review.,True,SYNTHETIC_DEMO,DEMO-089
DEMO-090,Moran · Demo,Operations,Unsafe Condition,2026-07-09T15:54:57.912701+00:00,A technician working on an energized motor found the isolation bypassed during maintenance.,Reported to the site HSE team for review.,True,SYNTHETIC_DEMO,DEMO-090
DEMO-091,Naharkatiya · Demo,Maintenance,Unsafe Act,2026-06-26T14:54:57.912701+00:00,Maintenance on a motor started while LOTO was not verified. No injury was recorded.,Reported to the site HSE team for review.,True,SYNTHETIC_DEMO,DEMO-091
DEMO-092,Naharkatiya · Demo,Operations,Incident,2026-06-13T13:54:57.912701+00:00,A contractor began excavating beside a marked buried pipeline while the dig permit and underground-line verification were absent. The excavator operator and banksman were beside the potential strike zone. Work was stopped before the bucket reached the line.,Reported to the site HSE team for review.,True,SYNTHETIC_DEMO,DEMO-092
DEMO-093,Naharkatiya · Demo,Operations,Near Miss,2026-05-31T12:54:57.912701+00:00,Trenching with an excavator was observed close to a buried pipeline. Permit details were not available.,Reported to the site HSE team for review.,True,SYNTHETIC_DEMO,DEMO-093
DEMO-094,Digboi · Demo,Maintenance,Unsafe Condition,2026-05-18T11:54:57.912701+00:00,Excavation near a pipeline route continued. Underground line verification was unverified.,Reported to the site HSE team for review.,True,SYNTHETIC_DEMO,DEMO-094
DEMO-095,Digboi · Demo,Operations,Unsafe Act,2026-05-05T10:54:57.912701+00:00,Worker welding near a tank with flammable vapour reported. Hot work permit was absent.,Reported to the site HSE team for review.,True,SYNTHETIC_DEMO,DEMO-095
DEMO-096,Digboi · Demo,Operations,Incident,2026-04-22T09:54:57.912701+00:00,Grinding near a tank with flammable gas was observed. Gas test was not available.,Reported to the site HSE team for review.,True,SYNTHETIC_DEMO,DEMO-096
DEMO-097,Duliajan · Demo,Maintenance,Near Miss,2026-04-09T16:54:57.912701+00:00,Worker on scaffold at a height of 8 m was exposed to an open edge. Guardrail was missing.,Reported to the site HSE team for review.,True,SYNTHETIC_DEMO,DEMO-097
DEMO-098,Duliajan · Demo,Operations,Unsafe Condition,2026-09-23T15:54:57.912701+00:00,Standing on a platform during scaffold work at 5 m. Fall protection was damaged.,Reported to the site HSE team for review.,True,SYNTHETIC_DEMO,DEMO-098
DEMO-099,Duliajan · Demo,Operations,Unsafe Act,2026-09-10T14:54:57.912701+00:00,Worker exposed to H2S during gas testing. Gas detector failed.,Reported to the site HSE team for review.,True,SYNTHETIC_DEMO,DEMO-099
DEMO-100,Moran · Demo,Maintenance,Incident,2026-08-28T13:54:57.912701+00:00,H2S monitoring reported 12 ppm. Gas detector calibration expired.,Reported to the site HSE team for review.,True,SYNTHETIC_DEMO,DEMO-100
DEMO-101,Moran · Demo,Operations,Near Miss,2026-08-15T12:54:57.912701+00:00,Worker entered a tank for confined space work. Entry permit was absent. Oxygen deficiency was reported.,Reported to the site HSE team for review.,True,SYNTHETIC_DEMO,DEMO-101
DEMO-102,Moran · Demo,Operations,Unsafe Condition,2026-08-02T11:54:57.912701+00:00,"Driving a truck, driver speeding with a pedestrian behind. Pedestrian barrier was missing.",Reported to the site HSE team for review.,True,SYNTHETIC_DEMO,DEMO-102
DEMO-103,Naharkatiya · Demo,Maintenance,Unsafe Act,2026-07-20T10:54:57.912701+00:00,Well control during drilling recorded a well kick. BOP was bypassed. Crew on rig were present.,Reported to the site HSE team for review.,True,SYNTHETIC_DEMO,DEMO-103
DEMO-104,Naharkatiya · Demo,Operations,Incident,2026-07-07T09:54:57.912701+00:00,H2S emergency mock drill was conducted successfully. The gas detector was tested and found functional. No actual gas release occurred.,Reported to the site HSE team for review.,True,SYNTHETIC_DEMO,DEMO-104
DEMO-105,Naharkatiya · Demo,Operations,Near Miss,2026-06-24T16:54:57.912701+00:00,Gas detector installed for H2S monitoring. Detector condition is unknown.,Reported to the site HSE team for review.,True,SYNTHETIC_DEMO,DEMO-105
DEMO-106,Digboi · Demo,Maintenance,Unsafe Condition,2026-06-11T15:54:57.912701+00:00,Unsafe condition observed near equipment.,Reported to the site HSE team for review.,True,SYNTHETIC_DEMO,DEMO-106
DEMO-107,Digboi · Demo,Operations,Unsafe Act,2026-05-29T14:54:57.912701+00:00,Housekeeping observation reported at the workshop. Waste packaging was moved to a bin.,Reported to the site HSE team for review.,True,SYNTHETIC_DEMO,DEMO-107
DEMO-108,Digboi · Demo,Operations,Incident,2026-05-16T13:54:57.912701+00:00,Emergency drill simulated a confined space rescue. No actual release occurred. Atmosphere test tested successfully.,Reported to the site HSE team for review.,True,SYNTHETIC_DEMO,DEMO-108
DEMO-109,Duliajan · Demo,Maintenance,Near Miss,2026-09-24T12:54:57.912701+00:00,Worker was observed standing beneath a suspended pipe while crane lifting activity was underway. No injury occurred.,Reported to the site HSE team for review.,True,SYNTHETIC_DEMO,DEMO-109
DEMO-110,Duliajan · Demo,Operations,Unsafe Condition,2026-09-19T11:54:57.912701+00:00,A technician was inside the lifting zone beside a crane and suspended load. Exclusion zone barricade was damaged. No injury was recorded.,Reported to the site HSE team for review.,True,SYNTHETIC_DEMO,DEMO-110
DEMO-111,Duliajan · Demo,Operations,Unsafe Act,2026-09-14T10:54:57.912701+00:00,A helper entered crane radius during lifting. A suspended pipe was moving. No injury occurred.,Reported to the site HSE team for review.,True,SYNTHETIC_DEMO,DEMO-111
DEMO-112,Moran · Demo,Maintenance,Incident,2026-09-09T09:54:57.912701+00:00,A person crossed below the load during crane lifting activity. The exclusion zone was missing.,Reported to the site HSE team for review.,True,SYNTHETIC_DEMO,DEMO-112
DEMO-113,Moran · Demo,Operations,Near Miss,2026-09-08T16:54:57.912701+00:00,During operation the pressure safety valve was found gagged/bypassed. No injury or release was reported.,Reported to the site HSE team for review.,True,SYNTHETIC_DEMO,DEMO-113
DEMO-114,Moran · Demo,Operations,Unsafe Condition,2026-08-26T15:54:57.912701+00:00,During process operation the PSV was bypassed on the separator. Personnel were near the vessel.,Reported to the site HSE team for review.,True,SYNTHETIC_DEMO,DEMO-114
DEMO-115,Naharkatiya · Demo,Maintenance,Unsafe Act,2026-08-13T14:54:57.912701+00:00,During operation the pressure relief valve failed on the vessel. No release was recorded.,Reported to the site HSE team for review.,True,SYNTHETIC_DEMO,DEMO-115
DEMO-116,Naharkatiya · Demo,Operations,Incident,2026-07-31T13:54:57.912701+00:00,Maintenance on a pump exposed a rotating shaft. Lockout was absent. No injury occurred.,Reported to the site HSE team for review.,True,SYNTHETIC_DEMO,DEMO-116
DEMO-117,Naharkatiya · Demo,Operations,Near Miss,2026-07-18T12:54:57.912701+00:00,A technician working on an energized motor found the isolation bypassed during maintenance.,Reported to the site HSE team for review.,True,SYNTHETIC_DEMO,DEMO-117
DEMO-118,Digboi · Demo,Maintenance,Unsafe Condition,2026-07-05T11:54:57.912701+00:00,Maintenance on a motor started while LOTO was not verified. No injury was recorded.,Reported to the site HSE team for review.,True,SYNTHETIC_DEMO,DEMO-118
DEMO-119,Digboi · Demo,Operations,Unsafe Act,2026-06-22T10:54:57.912701+00:00,A contractor began excavating beside a marked buried pipeline while the dig permit and underground-line verification were absent. The excavator operator and banksman were beside the potential strike zone. Work was stopped before the bucket reached the line.,Reported to the site HSE team for review.,True,SYNTHETIC_DEMO,DEMO-119
DEMO-120,Digboi · Demo,Operations,Incident,2026-06-09T09:54:57.912701+00:00,Trenching with an excavator was observed close to a buried pipeline. Permit details were not available.,Reported to the site HSE team for review.,True,SYNTHETIC_DEMO,DEMO-120
DEMO-121,Duliajan · Demo,Maintenance,Near Miss,2026-05-27T16:54:57.912701+00:00,Excavation near a pipeline route continued. Underground line verification was unverified.,Reported to the site HSE team for review.,True,SYNTHETIC_DEMO,DEMO-121
DEMO-122,Duliajan · Demo,Operations,Unsafe Condition,2026-05-14T15:54:57.912701+00:00,Worker welding near a tank with flammable vapour reported. Hot work permit was absent.,Reported to the site HSE team for review.,True,SYNTHETIC_DEMO,DEMO-122
DEMO-123,Duliajan · Demo,Operations,Unsafe Act,2026-05-01T14:54:57.912701+00:00,Grinding near a tank with flammable gas was observed. Gas test was not available.,Reported to the site HSE team for review.,True,SYNTHETIC_DEMO,DEMO-123
DEMO-124,Moran · Demo,Maintenance,Incident,2026-04-18T13:54:57.912701+00:00,Worker on scaffold at a height of 8 m was exposed to an open edge. Guardrail was missing.,Reported to the site HSE team for review.,True,SYNTHETIC_DEMO,DEMO-124
DEMO-125,Moran · Demo,Operations,Near Miss,2026-04-05T12:54:57.912701+00:00,Standing on a platform during scaffold work at 5 m. Fall protection was damaged.,Reported to the site HSE team for review.,True,SYNTHETIC_DEMO,DEMO-125
DEMO-126,Moran · Demo,Operations,Unsafe Condition,2026-09-19T11:54:57.912701+00:00,Worker exposed to H2S during gas testing. Gas detector failed.,Reported to the site HSE team for review.,True,SYNTHETIC_DEMO,DEMO-126
DEMO-127,Naharkatiya · Demo,Maintenance,Unsafe Act,2026-09-06T10:54:57.912701+00:00,H2S monitoring reported 12 ppm. Gas detector calibration expired.,Reported to the site HSE team for review.,True,SYNTHETIC_DEMO,DEMO-127
DEMO-128,Naharkatiya · Demo,Operations,Incident,2026-08-24T09:54:57.912701+00:00,Worker entered a tank for confined space work. Entry permit was absent. Oxygen deficiency was reported.,Reported to the site HSE team for review.,True,SYNTHETIC_DEMO,DEMO-128
DEMO-129,Naharkatiya · Demo,Operations,Near Miss,2026-08-11T16:54:57.912701+00:00,"Driving a truck, driver speeding with a pedestrian behind. Pedestrian barrier was missing.",Reported to the site HSE team for review.,True,SYNTHETIC_DEMO,DEMO-129
DEMO-130,Digboi · Demo,Maintenance,Unsafe Condition,2026-07-29T15:54:57.912701+00:00,Well control during drilling recorded a well kick. BOP was bypassed. Crew on rig were present.,Reported to the site HSE team for review.,True,SYNTHETIC_DEMO,DEMO-130
DEMO-131,Digboi · Demo,Operations,Unsafe Act,2026-07-16T14:54:57.912701+00:00,H2S emergency mock drill was conducted successfully. The gas detector was tested and found functional. No actual gas release occurred.,Reported to the site HSE team for review.,True,SYNTHETIC_DEMO,DEMO-131
DEMO-132,Digboi · Demo,Operations,Incident,2026-07-03T13:54:57.912701+00:00,Gas detector installed for H2S monitoring. Detector condition is unknown.,Reported to the site HSE team for review.,True,SYNTHETIC_DEMO,DEMO-132
DEMO-133,Duliajan · Demo,Maintenance,Near Miss,2026-06-20T12:54:57.912701+00:00,Unsafe condition observed near equipment.,Reported to the site HSE team for review.,True,SYNTHETIC_DEMO,DEMO-133
DEMO-134,Duliajan · Demo,Operations,Unsafe Condition,2026-06-07T11:54:57.912701+00:00,Housekeeping observation reported at the workshop. Waste packaging was moved to a bin.,Reported to the site HSE team for review.,True,SYNTHETIC_DEMO,DEMO-134
DEMO-135,Duliajan · Demo,Operations,Unsafe Act,2026-05-25T10:54:57.912701+00:00,Emergency drill simulated a confined space rescue. No actual release occurred. Atmosphere test tested successfully.,Reported to the site HSE team for review.,True,SYNTHETIC_DEMO,DEMO-135
DEMO-136,Moran · Demo,Maintenance,Incident,2026-08-10T09:54:57.912701+00:00,Worker was observed standing beneath a suspended pipe while crane lifting activity was underway. No injury occurred.,Reported to the site HSE team for review.,True,SYNTHETIC_DEMO,DEMO-136
DEMO-137,Moran · Demo,Operations,Near Miss,2026-08-05T16:54:57.912701+00:00,A technician was inside the lifting zone beside a crane and suspended load. Exclusion zone barricade was damaged. No injury was recorded.,Reported to the site HSE team for review.,True,SYNTHETIC_DEMO,DEMO-137
DEMO-138,Moran · Demo,Operations,Unsafe Condition,2026-07-31T15:54:57.912701+00:00,A helper entered crane radius during lifting. A suspended pipe was moving. No injury occurred.,Reported to the site HSE team for review.,True,SYNTHETIC_DEMO,DEMO-138
DEMO-139,Naharkatiya · Demo,Maintenance,Unsafe Act,2026-07-26T14:54:57.912701+00:00,A person crossed below the load during crane lifting activity. The exclusion zone was missing.,Reported to the site HSE team for review.,True,SYNTHETIC_DEMO,DEMO-139
DEMO-140,Naharkatiya · Demo,Operations,Incident,2026-09-17T13:54:57.912701+00:00,During operation the pressure safety valve was found gagged/bypassed. No injury or release was reported.,Reported to the site HSE team for review.,True,SYNTHETIC_DEMO,DEMO-140
DEMO-141,Naharkatiya · Demo,Operations,Near Miss,2026-09-04T12:54:57.912701+00:00,During process operation the PSV was bypassed on the separator. Personnel were near the vessel.,Reported to the site HSE team for review.,True,SYNTHETIC_DEMO,DEMO-141
DEMO-142,Digboi · Demo,Maintenance,Unsafe Condition,2026-08-22T11:54:57.912701+00:00,During operation the pressure relief valve failed on the vessel. No release was recorded.,Reported to the site HSE team for review.,True,SYNTHETIC_DEMO,DEMO-142
DEMO-143,Digboi · Demo,Operations,Unsafe Act,2026-08-09T10:54:57.912701+00:00,Maintenance on a pump exposed a rotating shaft. Lockout was absent. No injury occurred.,Reported to the site HSE team for review.,True,SYNTHETIC_DEMO,DEMO-143
DEMO-144,Digboi · Demo,Operations,Incident,2026-07-27T09:54:57.912701+00:00,A technician working on an energized motor found the isolation bypassed during maintenance.,Reported to the site HSE team for review.,True,SYNTHETIC_DEMO,DEMO-144
DEMO-145,Duliajan · Demo,Maintenance,Near Miss,2026-07-14T16:54:57.912701+00:00,Maintenance on a motor started while LOTO was not verified. No injury was recorded.,Reported to the site HSE team for review.,True,SYNTHETIC_DEMO,DEMO-145
DEMO-146,Duliajan · Demo,Operations,Unsafe Condition,2026-07-01T15:54:57.912701+00:00,A contractor began excavating beside a marked buried pipeline while the dig permit and underground-line verification were absent. The excavator operator and banksman were beside the potential strike zone. Work was stopped before the bucket reached the line.,Reported to the site HSE team for review.,True,SYNTHETIC_DEMO,DEMO-146
DEMO-147,Duliajan · Demo,Operations,Unsafe Act,2026-06-18T14:54:57.912701+00:00,Trenching with an excavator was observed close to a buried pipeline. Permit details were not available.,Reported to the site HSE team for review.,True,SYNTHETIC_DEMO,DEMO-147
DEMO-148,Moran · Demo,Maintenance,Incident,2026-06-05T13:54:57.912701+00:00,Excavation near a pipeline route continued. Underground line verification was unverified.,Reported to the site HSE team for review.,True,SYNTHETIC_DEMO,DEMO-148
DEMO-149,Moran · Demo,Operations,Near Miss,2026-05-23T12:54:57.912701+00:00,Worker welding near a tank with flammable vapour reported. Hot work permit was absent.,Reported to the site HSE team for review.,True,SYNTHETIC_DEMO,DEMO-149
DEMO-150,Moran · Demo,Operations,Unsafe Condition,2026-05-10T11:54:57.912701+00:00,Grinding near a tank with flammable gas was observed. Gas test was not available.,Reported to the site HSE team for review.,True,SYNTHETIC_DEMO,DEMO-150
DEMO-151,Naharkatiya · Demo,Maintenance,Unsafe Act,2026-04-27T10:54:57.912701+00:00,Worker on scaffold at a height of 8 m was exposed to an open edge. Guardrail was missing.,Reported to the site HSE team for review.,True,SYNTHETIC_DEMO,DEMO-151
DEMO-152,Naharkatiya · Demo,Operations,Incident,2026-04-14T09:54:57.912701+00:00,Standing on a platform during scaffold work at 5 m. Fall protection was damaged.,Reported to the site HSE team for review.,True,SYNTHETIC_DEMO,DEMO-152
DEMO-153,Naharkatiya · Demo,Operations,Near Miss,2026-04-01T16:54:57.912701+00:00,Worker exposed to H2S during gas testing. Gas detector failed.,Reported to the site HSE team for review.,True,SYNTHETIC_DEMO,DEMO-153
DEMO-154,Digboi · Demo,Maintenance,Unsafe Condition,2026-09-15T15:54:57.912701+00:00,H2S monitoring reported 12 ppm. Gas detector calibration expired.,Reported to the site HSE team for review.,True,SYNTHETIC_DEMO,DEMO-154
DEMO-155,Digboi · Demo,Operations,Unsafe Act,2026-09-02T14:54:57.912701+00:00,Worker entered a tank for confined space work. Entry permit was absent. Oxygen deficiency was reported.,Reported to the site HSE team for review.,True,SYNTHETIC_DEMO,DEMO-155
DEMO-156,Digboi · Demo,Operations,Incident,2026-08-20T13:54:57.912701+00:00,"Driving a truck, driver speeding with a pedestrian behind. Pedestrian barrier was missing.",Reported to the site HSE team for review.,True,SYNTHETIC_DEMO,DEMO-156
DEMO-157,Duliajan · Demo,Maintenance,Near Miss,2026-08-07T12:54:57.912701+00:00,Well control during drilling recorded a well kick. BOP was bypassed. Crew on rig were present.,Reported to the site HSE team for review.,True,SYNTHETIC_DEMO,DEMO-157
DEMO-158,Duliajan · Demo,Operations,Unsafe Condition,2026-07-25T11:54:57.912701+00:00,H2S emergency mock drill was conducted successfully. The gas detector was tested and found functional. No actual gas release occurred.,Reported to the site HSE team for review.,True,SYNTHETIC_DEMO,DEMO-158
DEMO-159,Duliajan · Demo,Operations,Unsafe Act,2026-07-12T10:54:57.912701+00:00,Gas detector installed for H2S monitoring. Detector condition is unknown.,Reported to the site HSE team for review.,True,SYNTHETIC_DEMO,DEMO-159
DEMO-160,Moran · Demo,Maintenance,Incident,2026-06-29T09:54:57.912701+00:00,Unsafe condition observed near equipment.,Reported to the site HSE team for review.,True,SYNTHETIC_DEMO,DEMO-160
DEMO-161,Moran · Demo,Operations,Near Miss,2026-06-16T16:54:57.912701+00:00,Housekeeping observation reported at the workshop. Waste packaging was moved to a bin.,Reported to the site HSE team for review.,True,SYNTHETIC_DEMO,DEMO-161
DEMO-162,Moran · Demo,Operations,Unsafe Condition,2026-06-03T15:54:57.912701+00:00,Emergency drill simulated a confined space rescue. No actual release occurred. Atmosphere test tested successfully.,Reported to the site HSE team for review.,True,SYNTHETIC_DEMO,DEMO-162
DEMO-163,Naharkatiya · Demo,Maintenance,Unsafe Act,2026-09-24T14:54:57.912701+00:00,Worker was observed standing beneath a suspended pipe while crane lifting activity was underway. No injury occurred.,Reported to the site HSE team for review.,True,SYNTHETIC_DEMO,DEMO-163
DEMO-164,Naharkatiya · Demo,Operations,Incident,2026-09-19T13:54:57.912701+00:00,A technician was inside the lifting zone beside a crane and suspended load. Exclusion zone barricade was damaged. No injury was recorded.,Reported to the site HSE team for review.,True,SYNTHETIC_DEMO,DEMO-164
DEMO-165,Naharkatiya · Demo,Operations,Near Miss,2026-09-14T12:54:57.912701+00:00,A helper entered crane radius during lifting. A suspended pipe was moving. No injury occurred.,Reported to the site HSE team for review.,True,SYNTHETIC_DEMO,DEMO-165
DEMO-166,Digboi · Demo,Maintenance,Unsafe Condition,2026-09-09T11:54:57.912701+00:00,A person crossed below the load during crane lifting activity. The exclusion zone was missing.,Reported to the site HSE team for review.,True,SYNTHETIC_DEMO,DEMO-166
DEMO-167,Digboi · Demo,Operations,Unsafe Act,2026-03-30T10:54:57.912701+00:00,During operation the pressure safety valve was found gagged/bypassed. No injury or release was reported.,Reported to the site HSE team for review.,True,SYNTHETIC_DEMO,DEMO-167
DEMO-168,Digboi · Demo,Operations,Incident,2026-09-13T09:54:57.912701+00:00,During process operation the PSV was bypassed on the separator. Personnel were near the vessel.,Reported to the site HSE team for review.,True,SYNTHETIC_DEMO,DEMO-168
DEMO-169,Duliajan · Demo,Maintenance,Near Miss,2026-08-31T16:54:57.912701+00:00,During operation the pressure relief valve failed on the vessel. No release was recorded.,Reported to the site HSE team for review.,True,SYNTHETIC_DEMO,DEMO-169
DEMO-170,Duliajan · Demo,Operations,Unsafe Condition,2026-08-18T15:54:57.912701+00:00,Maintenance on a pump exposed a rotating shaft. Lockout was absent. No injury occurred.,Reported to the site HSE team for review.,True,SYNTHETIC_DEMO,DEMO-170
DEMO-171,Duliajan · Demo,Operations,Unsafe Act,2026-08-05T14:54:57.912701+00:00,A technician working on an energized motor found the isolation bypassed during maintenance.,Reported to the site HSE team for review.,True,SYNTHETIC_DEMO,DEMO-171
DEMO-172,Moran · Demo,Maintenance,Incident,2026-07-23T13:54:57.912701+00:00,Maintenance on a motor started while LOTO was not verified. No injury was recorded.,Reported to the site HSE team for review.,True,SYNTHETIC_DEMO,DEMO-172
DEMO-173,Moran · Demo,Operations,Near Miss,2026-07-10T12:54:57.912701+00:00,A contractor began excavating beside a marked buried pipeline while the dig permit and underground-line verification were absent. The excavator operator and banksman were beside the potential strike zone. Work was stopped before the bucket reached the line.,Reported to the site HSE team for review.,True,SYNTHETIC_DEMO,DEMO-173
DEMO-174,Moran · Demo,Operations,Unsafe Condition,2026-06-27T11:54:57.912701+00:00,Trenching with an excavator was observed close to a buried pipeline. Permit details were not available.,Reported to the site HSE team for review.,True,SYNTHETIC_DEMO,DEMO-174
DEMO-175,Naharkatiya · Demo,Maintenance,Unsafe Act,2026-06-14T10:54:57.912701+00:00,Excavation near a pipeline route continued. Underground line verification was unverified.,Reported to the site HSE team for review.,True,SYNTHETIC_DEMO,DEMO-175
DEMO-176,Naharkatiya · Demo,Operations,Incident,2026-06-01T09:54:57.912701+00:00,Worker welding near a tank with flammable vapour reported. Hot work permit was absent.,Reported to the site HSE team for review.,True,SYNTHETIC_DEMO,DEMO-176
DEMO-177,Naharkatiya · Demo,Operations,Near Miss,2026-05-19T16:54:57.912701+00:00,Grinding near a tank with flammable gas was observed. Gas test was not available.,Reported to the site HSE team for review.,True,SYNTHETIC_DEMO,DEMO-177
DEMO-178,Digboi · Demo,Maintenance,Unsafe Condition,2026-05-06T15:54:57.912701+00:00,Worker on scaffold at a height of 8 m was exposed to an open edge. Guardrail was missing.,Reported to the site HSE team for review.,True,SYNTHETIC_DEMO,DEMO-178
DEMO-179,Digboi · Demo,Operations,Unsafe Act,2026-04-23T14:54:57.912701+00:00,Standing on a platform during scaffold work at 5 m. Fall protection was damaged.,Reported to the site HSE team for review.,True,SYNTHETIC_DEMO,DEMO-179
DEMO-180,Digboi · Demo,Operations,Incident,2026-04-10T13:54:57.912701+00:00,Worker exposed to H2S during gas testing. Gas detector failed.,Reported to the site HSE team for review.,True,SYNTHETIC_DEMO,DEMO-180
DEMO-181,Duliajan · Demo,Maintenance,Near Miss,2026-09-24T12:54:57.912701+00:00,H2S monitoring reported 12 ppm. Gas detector calibration expired.,Reported to the site HSE team for review.,True,SYNTHETIC_DEMO,DEMO-181
DEMO-182,Duliajan · Demo,Operations,Unsafe Condition,2026-09-11T11:54:57.912701+00:00,Worker entered a tank for confined space work. Entry permit was absent. Oxygen deficiency was reported.,Reported to the site HSE team for review.,True,SYNTHETIC_DEMO,DEMO-182
DEMO-183,Duliajan · Demo,Operations,Unsafe Act,2026-08-29T10:54:57.912701+00:00,"Driving a truck, driver speeding with a pedestrian behind. Pedestrian barrier was missing.",Reported to the site HSE team for review.,True,SYNTHETIC_DEMO,DEMO-183
DEMO-184,Moran · Demo,Maintenance,Incident,2026-08-16T09:54:57.912701+00:00,Well control during drilling recorded a well kick. BOP was bypassed. Crew on rig were present.,Reported to the site HSE team for review.,True,SYNTHETIC_DEMO,DEMO-184
DEMO-185,Moran · Demo,Operations,Near Miss,2026-08-03T16:54:57.912701+00:00,H2S emergency mock drill was conducted successfully. The gas detector was tested and found functional. No actual gas release occurred.,Reported to the site HSE team for review.,True,SYNTHETIC_DEMO,DEMO-185
DEMO-186,Moran · Demo,Operations,Unsafe Condition,2026-07-21T15:54:57.912701+00:00,Gas detector installed for H2S monitoring. Detector condition is unknown.,Reported to the site HSE team for review.,True,SYNTHETIC_DEMO,DEMO-186
DEMO-187,Naharkatiya · Demo,Maintenance,Unsafe Act,2026-07-08T14:54:57.912701+00:00,Unsafe condition observed near equipment.,Reported to the site HSE team for review.,True,SYNTHETIC_DEMO,DEMO-187
DEMO-188,Naharkatiya · Demo,Operations,Incident,2026-06-25T13:54:57.912701+00:00,Housekeeping observation reported at the workshop. Waste packaging was moved to a bin.,Reported to the site HSE team for review.,True,SYNTHETIC_DEMO,DEMO-188
DEMO-189,Naharkatiya · Demo,Operations,Near Miss,2026-06-12T12:54:57.912701+00:00,Emergency drill simulated a confined space rescue. No actual release occurred. Atmosphere test tested successfully.,Reported to the site HSE team for review.,True,SYNTHETIC_DEMO,DEMO-189
DEMO-190,Digboi · Demo,Maintenance,Unsafe Condition,2026-08-10T11:54:57.912701+00:00,Worker was observed standing beneath a suspended pipe while crane lifting activity was underway. No injury occurred.,Reported to the site HSE team for review.,True,SYNTHETIC_DEMO,DEMO-190
DEMO-191,Digboi · Demo,Operations,Unsafe Act,2026-08-05T10:54:57.912701+00:00,A technician was inside the lifting zone beside a crane and suspended load. Exclusion zone barricade was damaged. No injury was recorded.,Reported to the site HSE team for review.,True,SYNTHETIC_DEMO,DEMO-191
DEMO-192,Digboi · Demo,Operations,Incident,2026-07-31T09:54:57.912701+00:00,A helper entered crane radius during lifting. A suspended pipe was moving. No injury occurred.,Reported to the site HSE team for review.,True,SYNTHETIC_DEMO,DEMO-192
DEMO-193,Duliajan · Demo,Maintenance,Near Miss,2026-07-26T16:54:57.912701+00:00,A person crossed below the load during crane lifting activity. The exclusion zone was missing.,Reported to the site HSE team for review.,True,SYNTHETIC_DEMO,DEMO-193
DEMO-194,Duliajan · Demo,Operations,Unsafe Condition,2026-04-08T15:54:57.912701+00:00,During operation the pressure safety valve was found gagged/bypassed. No injury or release was reported.,Reported to the site HSE team for review.,True,SYNTHETIC_DEMO,DEMO-194
DEMO-195,Duliajan · Demo,Operations,Unsafe Act,2026-09-22T14:54:57.912701+00:00,During process operation the PSV was bypassed on the separator. Personnel were near the vessel.,Reported to the site HSE team for review.,True,SYNTHETIC_DEMO,DEMO-195
DEMO-196,Moran · Demo,Maintenance,Incident,2026-09-09T13:54:57.912701+00:00,During operation the pressure relief valve failed on the vessel. No release was recorded.,Reported to the site HSE team for review.,True,SYNTHETIC_DEMO,DEMO-196
DEMO-197,Moran · Demo,Operations,Near Miss,2026-08-27T12:54:57.912701+00:00,Maintenance on a pump exposed a rotating shaft. Lockout was absent. No injury occurred.,Reported to the site HSE team for review.,True,SYNTHETIC_DEMO,DEMO-197
DEMO-198,Moran · Demo,Operations,Unsafe Condition,2026-08-14T11:54:57.912701+00:00,A technician working on an energized motor found the isolation bypassed during maintenance.,Reported to the site HSE team for review.,True,SYNTHETIC_DEMO,DEMO-198
DEMO-199,Naharkatiya · Demo,Maintenance,Unsafe Act,2026-08-01T10:54:57.912701+00:00,Maintenance on a motor started while LOTO was not verified. No injury was recorded.,Reported to the site HSE team for review.,True,SYNTHETIC_DEMO,DEMO-199
DEMO-200,Naharkatiya · Demo,Operations,Incident,2026-07-19T09:54:57.912701+00:00,A contractor began excavating beside a marked buried pipeline while the dig permit and underground-line verification were absent. The excavator operator and banksman were beside the potential strike zone. Work was stopped before the bucket reached the line.,Reported to the site HSE team for review.,True,SYNTHETIC_DEMO,DEMO-200
